"app.year","app.tan.min","emis.n.min","app.tan.max","emis.n.max","app.tan.tot","emis.n.tot","app.tan.n","emis.n.n","ef","app.man.lwr","app.tan.lwr","emis.n.lwr","ef.lwr","app.man.upr","app.tan.upr","emis.n.upr","ef.upr"
2019,350,86.58,3520,498.5,5830,957.1,4,4,0.1642,1547000,5225,849.9,0.1489,1547000,6579,1194,0.1976
2020,420,99.24,3300,262.2,5910,730,4,4,0.1235,1495000,5297,643.4,0.1107,1495000,6670,930.2,0.1507
2021,350,65.9,3520,277.1,5830,558.5,4,4,0.09579,1547000,5225,494.3,0.08763,1547000,6579,693.5,0.1138
