"app.year","livestock.group","app.tan.min","emis.n.min","app.tan.max","emis.n.max","app.tan.tot","emis.n.tot","app.tan.n","emis.n.n","ef","app.man.lwr","app.tan.lwr","emis.n.lwr","ef.lwr","app.man.upr","app.tan.upr","emis.n.upr","ef.upr"
2019,"Dairy cattle",350,86.58,720,243,1070,329.6,2,2,0.3081,356700,957.9,258.4,0.2547,356700,1200,411.2,0.3732
2019,"Swine (finishing pigs)",1240,129,3520,498.5,4760,627.5,2,2,0.1318,1190000,4261,581.6,0.1227,1190000,5338,801.5,0.1632
2020,"Dairy cattle",420,99.24,1000,254.3,1420,353.6,2,2,0.249,405700,1271,329.6,0.2546,405700,1592,492.1,0.3282
2020,"Swine (finishing pigs)",1190,114.2,3300,262.2,4490,376.4,2,2,0.08383,1089000,4020,338.5,0.07582,1089000,5035,436.7,0.09466
2021,"Dairy cattle",350,86.58,720,128.9,1070,215.5,2,2,0.2014,356700,957.9,198.5,0.1873,356700,1200,257.7,0.2302
2021,"Swine (finishing pigs)",1240,65.9,3520,277.1,4760,343,2,2,0.07206,1190000,4261,295.8,0.06804,1190000,5338,421,0.08431
