"app.year","livestock.group","app.tan.min","emis.n.min","app.tan.max","emis.n.max","app.tan.tot","emis.n.tot","app.tan.n","emis.n.n","ef","app.man.lwr","app.tan.lwr","emis.n.lwr","ef.lwr","app.man.upr","app.tan.upr","emis.n.upr","ef.upr"
2019,"Dairy cattle",350,86.58,720,243,1070,329.6,2,2,0.3081,356700,959,252.5,0.2379,356700,1208,432.7,0.3911
2019,"Swine (finishing pigs)",1240,129,3520,498.5,4760,627.5,2,2,0.1318,1190000,4266,555.4,0.1199,1190000,5372,799.3,0.1649
2020,"Dairy cattle",420,99.24,1000,254.3,1420,353.6,2,2,0.249,405700,1273,288.5,0.2065,405700,1603,488.2,0.3267
2020,"Swine (finishing pigs)",1190,114.2,3300,262.2,4490,376.4,2,2,0.08383,1089000,4024,328.6,0.07493,1089000,5067,474.6,0.1017
2021,"Dairy cattle",350,86.58,720,128.9,1070,215.5,2,2,0.2014,356700,959,190.4,0.1792,356700,1208,272.8,0.2478
2021,"Swine (finishing pigs)",1240,65.9,3520,277.1,4760,343,2,2,0.07206,1190000,4266,296.2,0.06392,1190000,5372,430.6,0.0868
