"app.year","app.tan.min","emis.n.min","app.tan.max","emis.n.max","app.tan.tot","emis.n.tot","app.tan.n","emis.n.n","ef","app.man.lwr","app.tan.lwr","emis.n.lwr","ef.lwr","app.man.upr","app.tan.upr","emis.n.upr","ef.upr"
2019,350,86.58,3520,498.5,5830,957.1,4,4,0.1642,1547000,5219,888.8,0.1515,1547000,6538,1192,0.2021
2020,420,99.24,3300,262.2,5910,730,4,4,0.1235,1495000,5291,684.4,0.1266,1495000,6627,932.2,0.1428
2021,350,65.9,3520,277.1,5830,558.5,4,4,0.09579,1547000,5219,508.9,0.09434,1547000,6538,664.9,0.107
