"app.year","app.tan.min","emis.n.min","app.tan.max","emis.n.max","app.tan.tot","emis.n.tot","app.tan.n","emis.n.n","ef","emis.n.lwr","emis.n.upr","rlwr","rupr"
2019,350,68.48,3520,483.8,5830,952.3,4,4,0.1633,861.9,1132,0.0949,0.189
2020,420,90.03,3300,296.6,5910,795.7,4,4,0.1346,722.2,993.4,0.09236,0.2484
2021,350,68.48,3520,288.1,5830,647.7,4,4,0.1111,591.1,744,0.08727,0.1488
