"app.year","livestock.group","app.tan.min","emis.n.min","app.tan.max","emis.n.max","app.tan.tot","emis.n.tot","app.tan.n","emis.n.n","ef","app.man.lwr","app.tan.lwr","emis.n.lwr","ef.lwr","app.man.upr","app.tan.upr","emis.n.upr","ef.upr"
2019,"Dairy cattle",350,68.4818452989561,720,255.093955611088,1070,323.575800910044,2,2,0.302407290570135,356666.666666667,957.890638465447,257.63912173112,0.255048254076907,356666.666666667,1199.85616554729,410.345509481417,0.369754798033524
2019,"Swine (finishing pigs)",1240,144.960085725978,3520,483.765967466824,4760,628.726053192802,2,2,0.132085305292605,1190000,4261.27050382759,585.638561727012,0.126651088311529,1190000,5337.67789533188,756.744198704802,0.148536888286154
2020,"Dairy cattle",420,90.0279651091811,1000,296.606534945869,1420,386.634500055051,2,2,0.272277816940176,405714.285714286,1271.21935198218,354.70196689853,0.270147058603907,405714.285714286,1592.33248138052,545.827071057595,0.345088731835983
2020,"Swine (finishing pigs)",1190,136.847322057544,3300,272.263719296626,4490,409.11104135417,2,2,0.0911160448450266,1089444.44444444,4019.55978197183,364.490653374031,0.0872820131557119,1089444.44444444,5034.91045168911,457.926502056309,0.0962697580946453
2021,"Dairy cattle",350,68.4818452989561,720,193.548807848706,1070,262.030653147662,2,2,0.244888460885666,356666.666666667,957.890638465447,226.886646613216,0.214443451885924,356666.666666667,1199.85616554729,317.167114664165,0.287339068419315
2021,"Swine (finishing pigs)",1240,97.5540471737216,3520,288.07376439433,4760,385.627811568051,2,2,0.0810142461277419,1190000,4261.27050382759,352.420715713907,0.0787630085263339,1190000,5337.67789533188,453.699711953357,0.0853543985710954
