"app.year","livestock.group","app.tan.min","emis.n.min","app.tan.max","emis.n.max","app.tan.tot","emis.n.tot","app.tan.n","emis.n.n","ef","app.man.lwr","app.tan.lwr","emis.n.lwr","ef.lwr","app.man.upr","app.tan.upr","emis.n.upr","ef.upr"
2019,"Dairy cattle",350,68.48,720,255.1,1070,323.6,2,2,0.3024,356700,957.9,257.6,0.255,356700,1200,410.3,0.3698
2019,"Swine (finishing pigs)",1240,145,3520,483.8,4760,628.7,2,2,0.1321,1190000,4261,585.6,0.1267,1190000,5338,756.7,0.1485
2020,"Dairy cattle",420,90.03,1000,296.6,1420,386.6,2,2,0.2723,405700,1271,354.7,0.2701,405700,1592,545.8,0.3451
2020,"Swine (finishing pigs)",1190,136.8,3300,272.3,4490,409.1,2,2,0.09112,1089000,4020,364.5,0.08728,1089000,5035,457.9,0.09627
2021,"Dairy cattle",350,68.48,720,193.5,1070,262,2,2,0.2449,356700,957.9,226.9,0.2144,356700,1200,317.2,0.2873
2021,"Swine (finishing pigs)",1240,97.55,3520,288.1,4760,385.6,2,2,0.08101,1190000,4261,352.4,0.07876,1190000,5338,453.7,0.08535
