app.year,app.tan,app.tan.min,app.tan.max,emis.n,emis.n.min,emis.n.max,ef
2010,57900,900,24000,19647.2247151288,406.10416796514,7213.81322127379,0.339330305960773
2011,57900,900,24000,19647.2247151288,406.10416796514,7213.81322127379,0.339330305960773
2020,86850,1350,36000,26035.9431805868,475.32036951881,9620.80695781953,0.299780577784534
2021,86850,1350,36000,23903.5337903062,352.917208470891,9620.80695781953,0.275227792634498
