app.year,app.tan.min,emis.n.min,app.tan.max,emis.n.max,app.tan.tot,emis.n.tot,app.tan.n,emis.n.n,ef,emis.n.lwr,emis.n.upr
2019,350,64.9195852564,3520,472.935850623714,5830,923.483834276012,4,4,0.158402029892969,702.986816333847,1037.77006045197
2020,420,84.4067689452839,3300,279.640022783668,5910,769.031858507332,4,4,0.130123833926791,544.14202221982,920.217154045596
