loc.agg1,app.year,app.tan.min,emis.n.min,app.tan.max,emis.n.max,app.tan.tot,emis.n.tot,ef
North,2019,350,64.9195852564,3520,472.935850623714,5830,923.483834276012,0.158402029892969
North,2020,420,84.4067689452839,3300,279.640022783668,5910,769.031858507332,0.130123833926791
