loc.key,app.year,app.tan.min,emis.n.min,app.tan.max,emis.n.max,app.tan.tot,emis.n.tot,ef
1000,2019,350,64.9195852564,1240,240.66831266992,2310,450.547983652298,0.195042417165497
1001,2019,3520,472.935850623714,3520,472.935850623714,3520,472.935850623714,0.134356775745373
1000,2020,420,84.4067689452839,1190,279.640022783668,2610,500.894113786495,0.191913453558044
1001,2020,3300,268.137744720837,3300,268.137744720837,3300,268.137744720837,0.0812538620366173
